{
  "vaultName": "Research",
  "lastExport": 1729407504821,
  "pluginVersion": "1.8.01",
  "validBodyClasses": "publish css-settings-manager theme-dark show-inline-title show-ribbon",
  "useCustomHeadContent": false,
  "useCustomFavicon": false,
  "files": [
    "GuitarPlay2Tab/figs/Crop from oriented bb.excalidraw.md",
    "GuitarPlay2Tab/figs/Crop from oriented bb part2.excalidraw.md",
    "GuitarPlay2Tab/figs/Crop from oriented bb part3.excalidraw.md",
    "GuitarPlay2Tab/figs/Detected Frets.jpg",
    "GuitarPlay2Tab/figs/fretboard.jpg",
    "GuitarPlay2Tab/figs/fretboard_frame.jpg",
    "GuitarPlay2Tab/figs/frets matching.excalidraw.md",
    "GuitarPlay2Tab/figs/frets matching.jpg",
    "GuitarPlay2Tab/figs/frets matching 1.jpg",
    "GuitarPlay2Tab/figs/Hough line.excalidraw.md",
    "GuitarPlay2Tab/figs/Line image intersection.excalidraw.md",
    "GuitarPlay2Tab/figs/Line pair.excalidraw.md",
    "GuitarPlay2Tab/figs/linesP_cdst.jpg",
    "GuitarPlay2Tab/figs/locate_frets.jpg",
    "GuitarPlay2Tab/figs/rect_gray.jpg",
    "GuitarPlay2Tab/figs/Rectify Frets.jpg",
    "GuitarPlay2Tab/figs/res peaks down.jpg",
    "GuitarPlay2Tab/figs/res peaks up.jpg",
    "GuitarPlay2Tab/figs/res_edges.jpg",
    "GuitarPlay2Tab/figs/res_thresh.jpg",
    "GuitarPlay2Tab/figs/roi_gray.jpg",
    "GuitarPlay2Tab/figs/roi_gray_lines.jpg",
    "GuitarPlay2Tab/figs/strings_locating.jpg",
    "GuitarPlay2Tab/figs/strings_locating 1.jpg",
    "GuitarPlay2Tab/figs/template_lines.jpg",
    "GuitarPlay2Tab/figs/template_linesP.jpg",
    "GuitarPlay2Tab/figs/template_linesP_merge.jpg",
    "GuitarPlay2Tab/figs/test_template.jpg",
    "GuitarPlay2Tab/figs/thresh.jpg",
    "GuitarPlay2Tab/figs/thresh_edges.jpg",
    "GuitarPlay2Tab/fretboard detection and tracking/detection/affine Rectification.md",
    "GuitarPlay2Tab/fretboard detection and tracking/detection/Canny edge detection.md",
    "GuitarPlay2Tab/fretboard detection and tracking/detection/crop image from line pair.md",
    "GuitarPlay2Tab/fretboard detection and tracking/detection/detection top-level.md",
    "GuitarPlay2Tab/fretboard detection and tracking/detection/fretboard boundary detection.md",
    "GuitarPlay2Tab/fretboard detection and tracking/detection/Hough line definition and properties.md",
    "GuitarPlay2Tab/fretboard detection and tracking/detection/locate frets.md",
    "GuitarPlay2Tab/fretboard detection and tracking/detection/locate strings.md",
    "GuitarPlay2Tab/fretboard detection and tracking/detection/pre-process.md",
    "GuitarPlay2Tab/fretboard detection and tracking/detection/prepare fretboard data.md",
    "GuitarPlay2Tab/fretboard detection and tracking/tracking/frets matching.md",
    "GuitarPlay2Tab/fretboard detection and tracking/tracking/strings Localization.md",
    "GuitarPlay2Tab/fretboard detection and tracking/tracking/tracking top-level.md",
    "GuitarPlay2Tab/fretboard detection and tracking/top-level.md",
    "lib/fonts/94f2f163d4b698242fef.otf",
    "lib/fonts/72505e6a122c6acd5471.woff2",
    "lib/fonts/2d5198822ab091ce4305.woff2",
    "lib/fonts/c8ba52b05a9ef10f4758.woff2",
    "lib/fonts/cb10ffd7684cd9836a05.woff2",
    "lib/fonts/b5f0f109bc88052d4000.woff2",
    "lib/fonts/cbe0ae49c52c920fd563.woff2",
    "lib/fonts/535a6cf662596b3bd6a6.woff2",
    "lib/fonts/70cc7ff27245e82ad414.ttf",
    "lib/fonts/454577c22304619db035.ttf",
    "lib/fonts/52ac8f3034507f1d9e53.ttf",
    "lib/fonts/05b618077343fbbd92b7.ttf",
    "lib/fonts/4bb6ac751d1c5478ff3a.woff2",
    "lib/media/874d8b8e340f75575caa.svg",
    "lib/fonts/MathJax_Zero.woff",
    "lib/fonts/MathJax_Main-Regular.woff",
    "lib/fonts/MathJax_Main-Bold.woff",
    "lib/fonts/MathJax_Math-Italic.woff",
    "lib/fonts/MathJax_Main-Italic.woff",
    "lib/fonts/MathJax_Math-BoldItalic.woff",
    "lib/fonts/MathJax_Size1-Regular.woff",
    "lib/fonts/MathJax_Size2-Regular.woff",
    "lib/fonts/MathJax_Size3-Regular.woff",
    "lib/fonts/MathJax_Size4-Regular.woff",
    "lib/fonts/MathJax_AMS-Regular.woff",
    "lib/fonts/MathJax_Calligraphic-Regular.woff",
    "lib/fonts/MathJax_Calligraphic-Bold.woff",
    "lib/fonts/MathJax_Fraktur-Regular.woff",
    "lib/fonts/MathJax_Fraktur-Bold.woff",
    "lib/fonts/MathJax_SansSerif-Regular.woff",
    "lib/fonts/MathJax_SansSerif-Bold.woff",
    "lib/fonts/MathJax_SansSerif-Italic.woff",
    "lib/fonts/MathJax_Script-Regular.woff",
    "lib/fonts/MathJax_Typewriter-Regular.woff",
    "lib/fonts/MathJax_Vector-Regular.woff",
    "lib/fonts/MathJax_Vector-Bold.woff"
  ],
  "mainDependencies": [
    "lib/fonts/94f2f163d4b698242fef.otf",
    "lib/fonts/72505e6a122c6acd5471.woff2",
    "lib/fonts/2d5198822ab091ce4305.woff2",
    "lib/fonts/c8ba52b05a9ef10f4758.woff2",
    "lib/fonts/cb10ffd7684cd9836a05.woff2",
    "lib/fonts/b5f0f109bc88052d4000.woff2",
    "lib/fonts/cbe0ae49c52c920fd563.woff2",
    "lib/fonts/535a6cf662596b3bd6a6.woff2",
    "lib/fonts/70cc7ff27245e82ad414.ttf",
    "lib/fonts/454577c22304619db035.ttf",
    "lib/fonts/52ac8f3034507f1d9e53.ttf",
    "lib/fonts/05b618077343fbbd92b7.ttf",
    "lib/fonts/4bb6ac751d1c5478ff3a.woff2",
    "lib/media/874d8b8e340f75575caa.svg",
    "lib/fonts/MathJax_Zero.woff",
    "lib/fonts/MathJax_Main-Regular.woff",
    "lib/fonts/MathJax_Main-Bold.woff",
    "lib/fonts/MathJax_Math-Italic.woff",
    "lib/fonts/MathJax_Main-Italic.woff",
    "lib/fonts/MathJax_Math-BoldItalic.woff",
    "lib/fonts/MathJax_Size1-Regular.woff",
    "lib/fonts/MathJax_Size2-Regular.woff",
    "lib/fonts/MathJax_Size3-Regular.woff",
    "lib/fonts/MathJax_Size4-Regular.woff",
    "lib/fonts/MathJax_AMS-Regular.woff",
    "lib/fonts/MathJax_Calligraphic-Regular.woff",
    "lib/fonts/MathJax_Calligraphic-Bold.woff",
    "lib/fonts/MathJax_Fraktur-Regular.woff",
    "lib/fonts/MathJax_Fraktur-Bold.woff",
    "lib/fonts/MathJax_SansSerif-Regular.woff",
    "lib/fonts/MathJax_SansSerif-Bold.woff",
    "lib/fonts/MathJax_SansSerif-Italic.woff",
    "lib/fonts/MathJax_Script-Regular.woff",
    "lib/fonts/MathJax_Typewriter-Regular.woff",
    "lib/fonts/MathJax_Vector-Regular.woff",
    "lib/fonts/MathJax_Vector-Bold.woff"
  ],
  "fileInfo": {
    "GuitarPlay2Tab/figs/Crop from oriented bb.excalidraw.md": {
      "modifiedTime": 1729407504821,
      "sourceSize": 13247,
      "exportedPath": "GuitarPlay2Tab/figs/Crop from oriented bb.excalidraw.html",
      "dependencies": []
    },
    "GuitarPlay2Tab/figs/Crop from oriented bb part2.excalidraw.md": {
      "modifiedTime": 1729407504821,
      "sourceSize": 36661,
      "exportedPath": "GuitarPlay2Tab/figs/Crop from oriented bb part2.excalidraw.html",
      "dependencies": []
    },
    "GuitarPlay2Tab/figs/Crop from oriented bb part3.excalidraw.md": {
      "modifiedTime": 1729407504821,
      "sourceSize": 41542,
      "exportedPath": "GuitarPlay2Tab/figs/Crop from oriented bb part3.excalidraw.html",
      "dependencies": []
    },
    "GuitarPlay2Tab/figs/Detected Frets.jpg": {
      "modifiedTime": 1729407504821,
      "sourceSize": 105083,
      "exportedPath": "GuitarPlay2Tab/figs/Detected Frets.jpg",
      "dependencies": []
    },
    "GuitarPlay2Tab/figs/fretboard.jpg": {
      "modifiedTime": 1729407504821,
      "sourceSize": 60188,
      "exportedPath": "GuitarPlay2Tab/figs/fretboard.jpg",
      "dependencies": []
    },
    "GuitarPlay2Tab/figs/fretboard_frame.jpg": {
      "modifiedTime": 1729407504821,
      "sourceSize": 251737,
      "exportedPath": "GuitarPlay2Tab/figs/fretboard_frame.jpg",
      "dependencies": []
    },
    "GuitarPlay2Tab/figs/frets matching.excalidraw.md": {
      "modifiedTime": 1729407504821,
      "sourceSize": 65838,
      "exportedPath": "GuitarPlay2Tab/figs/frets matching.excalidraw.html",
      "dependencies": []
    },
    "GuitarPlay2Tab/figs/frets matching.jpg": {
      "modifiedTime": 1729407504821,
      "sourceSize": 48585,
      "exportedPath": "GuitarPlay2Tab/figs/frets matching.jpg",
      "dependencies": []
    },
    "GuitarPlay2Tab/figs/frets matching 1.jpg": {
      "modifiedTime": 1729407504821,
      "sourceSize": 46786,
      "exportedPath": "GuitarPlay2Tab/figs/frets matching 1.jpg",
      "dependencies": []
    },
    "GuitarPlay2Tab/figs/Hough line.excalidraw.md": {
      "modifiedTime": 1729407504821,
      "sourceSize": 10293,
      "exportedPath": "GuitarPlay2Tab/figs/Hough line.excalidraw.html",
      "dependencies": []
    },
    "GuitarPlay2Tab/figs/Line image intersection.excalidraw.md": {
      "modifiedTime": 1729407504821,
      "sourceSize": 11488,
      "exportedPath": "GuitarPlay2Tab/figs/Line image intersection.excalidraw.html",
      "dependencies": []
    },
    "GuitarPlay2Tab/figs/Line pair.excalidraw.md": {
      "modifiedTime": 1729407504821,
      "sourceSize": 14450,
      "exportedPath": "GuitarPlay2Tab/figs/Line pair.excalidraw.html",
      "dependencies": []
    },
    "GuitarPlay2Tab/figs/linesP_cdst.jpg": {
      "modifiedTime": 1729407504821,
      "sourceSize": 85957,
      "exportedPath": "GuitarPlay2Tab/figs/linesP_cdst.jpg",
      "dependencies": []
    },
    "GuitarPlay2Tab/figs/locate_frets.jpg": {
      "modifiedTime": 1729407504821,
      "sourceSize": 49949,
      "exportedPath": "GuitarPlay2Tab/figs/locate_frets.jpg",
      "dependencies": []
    },
    "GuitarPlay2Tab/figs/rect_gray.jpg": {
      "modifiedTime": 1729407504821,
      "sourceSize": 40956,
      "exportedPath": "GuitarPlay2Tab/figs/rect_gray.jpg",
      "dependencies": []
    },
    "GuitarPlay2Tab/figs/Rectify Frets.jpg": {
      "modifiedTime": 1729407504821,
      "sourceSize": 124920,
      "exportedPath": "GuitarPlay2Tab/figs/Rectify Frets.jpg",
      "dependencies": []
    },
    "GuitarPlay2Tab/figs/res peaks down.jpg": {
      "modifiedTime": 1729407504821,
      "sourceSize": 8747,
      "exportedPath": "GuitarPlay2Tab/figs/res peaks down.jpg",
      "dependencies": []
    },
    "GuitarPlay2Tab/figs/res peaks up.jpg": {
      "modifiedTime": 1729407504821,
      "sourceSize": 9840,
      "exportedPath": "GuitarPlay2Tab/figs/res peaks up.jpg",
      "dependencies": []
    },
    "GuitarPlay2Tab/figs/res_edges.jpg": {
      "modifiedTime": 1729407504821,
      "sourceSize": 29922,
      "exportedPath": "GuitarPlay2Tab/figs/res_edges.jpg",
      "dependencies": []
    },
    "GuitarPlay2Tab/figs/res_thresh.jpg": {
      "modifiedTime": 1729407504821,
      "sourceSize": 41723,
      "exportedPath": "GuitarPlay2Tab/figs/res_thresh.jpg",
      "dependencies": []
    },
    "GuitarPlay2Tab/figs/roi_gray.jpg": {
      "modifiedTime": 1729407504821,
      "sourceSize": 29610,
      "exportedPath": "GuitarPlay2Tab/figs/roi_gray.jpg",
      "dependencies": []
    },
    "GuitarPlay2Tab/figs/roi_gray_lines.jpg": {
      "modifiedTime": 1729407504821,
      "sourceSize": 38067,
      "exportedPath": "GuitarPlay2Tab/figs/roi_gray_lines.jpg",
      "dependencies": []
    },
    "GuitarPlay2Tab/figs/strings_locating.jpg": {
      "modifiedTime": 1729407504821,
      "sourceSize": 33893,
      "exportedPath": "GuitarPlay2Tab/figs/strings_locating.jpg",
      "dependencies": []
    },
    "GuitarPlay2Tab/figs/strings_locating 1.jpg": {
      "modifiedTime": 1729407504821,
      "sourceSize": 44984,
      "exportedPath": "GuitarPlay2Tab/figs/strings_locating 1.jpg",
      "dependencies": []
    },
    "GuitarPlay2Tab/figs/template_lines.jpg": {
      "modifiedTime": 1729407504821,
      "sourceSize": 40176,
      "exportedPath": "GuitarPlay2Tab/figs/template_lines.jpg",
      "dependencies": []
    },
    "GuitarPlay2Tab/figs/template_linesP.jpg": {
      "modifiedTime": 1729407504821,
      "sourceSize": 38954,
      "exportedPath": "GuitarPlay2Tab/figs/template_linesP.jpg",
      "dependencies": []
    },
    "GuitarPlay2Tab/figs/template_linesP_merge.jpg": {
      "modifiedTime": 1729407504821,
      "sourceSize": 39967,
      "exportedPath": "GuitarPlay2Tab/figs/template_linesP_merge.jpg",
      "dependencies": []
    },
    "GuitarPlay2Tab/figs/test_template.jpg": {
      "modifiedTime": 1729407504821,
      "sourceSize": 661,
      "exportedPath": "GuitarPlay2Tab/figs/test_template.jpg",
      "dependencies": []
    },
    "GuitarPlay2Tab/figs/thresh.jpg": {
      "modifiedTime": 1729407504821,
      "sourceSize": 108390,
      "exportedPath": "GuitarPlay2Tab/figs/thresh.jpg",
      "dependencies": []
    },
    "GuitarPlay2Tab/figs/thresh_edges.jpg": {
      "modifiedTime": 1729407504821,
      "sourceSize": 77396,
      "exportedPath": "GuitarPlay2Tab/figs/thresh_edges.jpg",
      "dependencies": []
    },
    "GuitarPlay2Tab/fretboard detection and tracking/detection/affine Rectification.md": {
      "modifiedTime": 1729407504821,
      "sourceSize": 3473,
      "exportedPath": "GuitarPlay2Tab/fretboard detection and tracking/detection/affine Rectification.html",
      "dependencies": []
    },
    "GuitarPlay2Tab/fretboard detection and tracking/detection/Canny edge detection.md": {
      "modifiedTime": 1729407504821,
      "sourceSize": 470,
      "exportedPath": "GuitarPlay2Tab/fretboard detection and tracking/detection/Canny edge detection.html",
      "dependencies": []
    },
    "GuitarPlay2Tab/fretboard detection and tracking/detection/crop image from line pair.md": {
      "modifiedTime": 1729407504821,
      "sourceSize": 4354,
      "exportedPath": "GuitarPlay2Tab/fretboard detection and tracking/detection/crop image from line pair.html",
      "dependencies": []
    },
    "GuitarPlay2Tab/fretboard detection and tracking/detection/detection top-level.md": {
      "modifiedTime": 1729407504821,
      "sourceSize": 509,
      "exportedPath": "GuitarPlay2Tab/fretboard detection and tracking/detection/detection top-level.html",
      "dependencies": []
    },
    "GuitarPlay2Tab/fretboard detection and tracking/detection/fretboard boundary detection.md": {
      "modifiedTime": 1729407504821,
      "sourceSize": 1281,
      "exportedPath": "GuitarPlay2Tab/fretboard detection and tracking/detection/fretboard boundary detection.html",
      "dependencies": []
    },
    "GuitarPlay2Tab/fretboard detection and tracking/detection/Hough line definition and properties.md": {
      "modifiedTime": 1729407504821,
      "sourceSize": 2805,
      "exportedPath": "GuitarPlay2Tab/fretboard detection and tracking/detection/Hough line definition and properties.html",
      "dependencies": []
    },
    "GuitarPlay2Tab/fretboard detection and tracking/detection/locate frets.md": {
      "modifiedTime": 1729407504821,
      "sourceSize": 2018,
      "exportedPath": "GuitarPlay2Tab/fretboard detection and tracking/detection/locate frets.html",
      "dependencies": []
    },
    "GuitarPlay2Tab/fretboard detection and tracking/detection/locate strings.md": {
      "modifiedTime": 1729407504821,
      "sourceSize": 3002,
      "exportedPath": "GuitarPlay2Tab/fretboard detection and tracking/detection/locate strings.html",
      "dependencies": []
    },
    "GuitarPlay2Tab/fretboard detection and tracking/detection/pre-process.md": {
      "modifiedTime": 1729407504821,
      "sourceSize": 572,
      "exportedPath": "GuitarPlay2Tab/fretboard detection and tracking/detection/pre-process.html",
      "dependencies": []
    },
    "GuitarPlay2Tab/fretboard detection and tracking/detection/prepare fretboard data.md": {
      "modifiedTime": 1729407504821,
      "sourceSize": 834,
      "exportedPath": "GuitarPlay2Tab/fretboard detection and tracking/detection/prepare fretboard data.html",
      "dependencies": []
    },
    "GuitarPlay2Tab/fretboard detection and tracking/tracking/frets matching.md": {
      "modifiedTime": 1729407504821,
      "sourceSize": 2355,
      "exportedPath": "GuitarPlay2Tab/fretboard detection and tracking/tracking/frets matching.html",
      "dependencies": []
    },
    "GuitarPlay2Tab/fretboard detection and tracking/tracking/strings Localization.md": {
      "modifiedTime": 1729407504821,
      "sourceSize": 1580,
      "exportedPath": "GuitarPlay2Tab/fretboard detection and tracking/tracking/strings Localization.html",
      "dependencies": []
    },
    "GuitarPlay2Tab/fretboard detection and tracking/tracking/tracking top-level.md": {
      "modifiedTime": 1729407504821,
      "sourceSize": 430,
      "exportedPath": "GuitarPlay2Tab/fretboard detection and tracking/tracking/tracking top-level.html",
      "dependencies": []
    },
    "GuitarPlay2Tab/fretboard detection and tracking/top-level.md": {
      "modifiedTime": 1729407504821,
      "sourceSize": 578,
      "exportedPath": "GuitarPlay2Tab/fretboard detection and tracking/top-level.html",
      "dependencies": []
    },
    "lib/fonts/94f2f163d4b698242fef.otf": {
      "modifiedTime": 1729407504821,
      "sourceSize": 66800,
      "exportedPath": "lib/fonts/94f2f163d4b698242fef.otf",
      "dependencies": []
    },
    "lib/fonts/72505e6a122c6acd5471.woff2": {
      "modifiedTime": 1729407504821,
      "sourceSize": 104232,
      "exportedPath": "lib/fonts/72505e6a122c6acd5471.woff2",
      "dependencies": []
    },
    "lib/fonts/2d5198822ab091ce4305.woff2": {
      "modifiedTime": 1729407504821,
      "sourceSize": 104332,
      "exportedPath": "lib/fonts/2d5198822ab091ce4305.woff2",
      "dependencies": []
    },
    "lib/fonts/c8ba52b05a9ef10f4758.woff2": {
      "modifiedTime": 1729407504821,
      "sourceSize": 98868,
      "exportedPath": "lib/fonts/c8ba52b05a9ef10f4758.woff2",
      "dependencies": []
    },
    "lib/fonts/cb10ffd7684cd9836a05.woff2": {
      "modifiedTime": 1729407504821,
      "sourceSize": 106876,
      "exportedPath": "lib/fonts/cb10ffd7684cd9836a05.woff2",
      "dependencies": []
    },
    "lib/fonts/b5f0f109bc88052d4000.woff2": {
      "modifiedTime": 1729407504821,
      "sourceSize": 105804,
      "exportedPath": "lib/fonts/b5f0f109bc88052d4000.woff2",
      "dependencies": []
    },
    "lib/fonts/cbe0ae49c52c920fd563.woff2": {
      "modifiedTime": 1729407504821,
      "sourceSize": 106108,
      "exportedPath": "lib/fonts/cbe0ae49c52c920fd563.woff2",
      "dependencies": []
    },
    "lib/fonts/535a6cf662596b3bd6a6.woff2": {
      "modifiedTime": 1729407504821,
      "sourceSize": 111708,
      "exportedPath": "lib/fonts/535a6cf662596b3bd6a6.woff2",
      "dependencies": []
    },
    "lib/fonts/70cc7ff27245e82ad414.ttf": {
      "modifiedTime": 1729407504821,
      "sourceSize": 192740,
      "exportedPath": "lib/fonts/70cc7ff27245e82ad414.ttf",
      "dependencies": []
    },
    "lib/fonts/454577c22304619db035.ttf": {
      "modifiedTime": 1729407504821,
      "sourceSize": 161376,
      "exportedPath": "lib/fonts/454577c22304619db035.ttf",
      "dependencies": []
    },
    "lib/fonts/52ac8f3034507f1d9e53.ttf": {
      "modifiedTime": 1729407504821,
      "sourceSize": 191568,
      "exportedPath": "lib/fonts/52ac8f3034507f1d9e53.ttf",
      "dependencies": []
    },
    "lib/fonts/05b618077343fbbd92b7.ttf": {
      "modifiedTime": 1729407504821,
      "sourceSize": 155288,
      "exportedPath": "lib/fonts/05b618077343fbbd92b7.ttf",
      "dependencies": []
    },
    "lib/fonts/4bb6ac751d1c5478ff3a.woff2": {
      "modifiedTime": 1729407504821,
      "sourceSize": 7876,
      "exportedPath": "lib/fonts/4bb6ac751d1c5478ff3a.woff2",
      "dependencies": []
    },
    "lib/media/874d8b8e340f75575caa.svg": {
      "modifiedTime": 1729407504821,
      "sourceSize": 317,
      "exportedPath": "lib/media/874d8b8e340f75575caa.svg",
      "dependencies": []
    },
    "lib/fonts/MathJax_Zero.woff": {
      "modifiedTime": 1729407504821,
      "sourceSize": 1368,
      "exportedPath": "lib/fonts/MathJax_Zero.woff",
      "dependencies": []
    },
    "lib/fonts/MathJax_Main-Regular.woff": {
      "modifiedTime": 1729407504821,
      "sourceSize": 34160,
      "exportedPath": "lib/fonts/MathJax_Main-Regular.woff",
      "dependencies": []
    },
    "lib/fonts/MathJax_Main-Bold.woff": {
      "modifiedTime": 1729407504821,
      "sourceSize": 34464,
      "exportedPath": "lib/fonts/MathJax_Main-Bold.woff",
      "dependencies": []
    },
    "lib/fonts/MathJax_Math-Italic.woff": {
      "modifiedTime": 1729407504821,
      "sourceSize": 19360,
      "exportedPath": "lib/fonts/MathJax_Math-Italic.woff",
      "dependencies": []
    },
    "lib/fonts/MathJax_Main-Italic.woff": {
      "modifiedTime": 1729407504821,
      "sourceSize": 20832,
      "exportedPath": "lib/fonts/MathJax_Main-Italic.woff",
      "dependencies": []
    },
    "lib/fonts/MathJax_Math-BoldItalic.woff": {
      "modifiedTime": 1729407504821,
      "sourceSize": 19776,
      "exportedPath": "lib/fonts/MathJax_Math-BoldItalic.woff",
      "dependencies": []
    },
    "lib/fonts/MathJax_Size1-Regular.woff": {
      "modifiedTime": 1729407504821,
      "sourceSize": 5792,
      "exportedPath": "lib/fonts/MathJax_Size1-Regular.woff",
      "dependencies": []
    },
    "lib/fonts/MathJax_Size2-Regular.woff": {
      "modifiedTime": 1729407504821,
      "sourceSize": 5464,
      "exportedPath": "lib/fonts/MathJax_Size2-Regular.woff",
      "dependencies": []
    },
    "lib/fonts/MathJax_Size3-Regular.woff": {
      "modifiedTime": 1729407504821,
      "sourceSize": 3244,
      "exportedPath": "lib/fonts/MathJax_Size3-Regular.woff",
      "dependencies": []
    },
    "lib/fonts/MathJax_Size4-Regular.woff": {
      "modifiedTime": 1729407504821,
      "sourceSize": 5148,
      "exportedPath": "lib/fonts/MathJax_Size4-Regular.woff",
      "dependencies": []
    },
    "lib/fonts/MathJax_AMS-Regular.woff": {
      "modifiedTime": 1729407504821,
      "sourceSize": 40808,
      "exportedPath": "lib/fonts/MathJax_AMS-Regular.woff",
      "dependencies": []
    },
    "lib/fonts/MathJax_Calligraphic-Regular.woff": {
      "modifiedTime": 1729407504821,
      "sourceSize": 9600,
      "exportedPath": "lib/fonts/MathJax_Calligraphic-Regular.woff",
      "dependencies": []
    },
    "lib/fonts/MathJax_Calligraphic-Bold.woff": {
      "modifiedTime": 1729407504821,
      "sourceSize": 9908,
      "exportedPath": "lib/fonts/MathJax_Calligraphic-Bold.woff",
      "dependencies": []
    },
    "lib/fonts/MathJax_Fraktur-Regular.woff": {
      "modifiedTime": 1729407504821,
      "sourceSize": 21480,
      "exportedPath": "lib/fonts/MathJax_Fraktur-Regular.woff",
      "dependencies": []
    },
    "lib/fonts/MathJax_Fraktur-Bold.woff": {
      "modifiedTime": 1729407504821,
      "sourceSize": 22340,
      "exportedPath": "lib/fonts/MathJax_Fraktur-Bold.woff",
      "dependencies": []
    },
    "lib/fonts/MathJax_SansSerif-Regular.woff": {
      "modifiedTime": 1729407504821,
      "sourceSize": 12660,
      "exportedPath": "lib/fonts/MathJax_SansSerif-Regular.woff",
      "dependencies": []
    },
    "lib/fonts/MathJax_SansSerif-Bold.woff": {
      "modifiedTime": 1729407504821,
      "sourceSize": 15944,
      "exportedPath": "lib/fonts/MathJax_SansSerif-Bold.woff",
      "dependencies": []
    },
    "lib/fonts/MathJax_SansSerif-Italic.woff": {
      "modifiedTime": 1729407504821,
      "sourceSize": 14628,
      "exportedPath": "lib/fonts/MathJax_SansSerif-Italic.woff",
      "dependencies": []
    },
    "lib/fonts/MathJax_Script-Regular.woff": {
      "modifiedTime": 1729407504821,
      "sourceSize": 11852,
      "exportedPath": "lib/fonts/MathJax_Script-Regular.woff",
      "dependencies": []
    },
    "lib/fonts/MathJax_Typewriter-Regular.woff": {
      "modifiedTime": 1729407504821,
      "sourceSize": 17604,
      "exportedPath": "lib/fonts/MathJax_Typewriter-Regular.woff",
      "dependencies": []
    },
    "lib/fonts/MathJax_Vector-Regular.woff": {
      "modifiedTime": 1729407504821,
      "sourceSize": 1136,
      "exportedPath": "lib/fonts/MathJax_Vector-Regular.woff",
      "dependencies": []
    },
    "lib/fonts/MathJax_Vector-Bold.woff": {
      "modifiedTime": 1729407504821,
      "sourceSize": 1116,
      "exportedPath": "lib/fonts/MathJax_Vector-Bold.woff",
      "dependencies": []
    }
  }
}